﻿<?xml version="1.0" encoding="utf-8" ?>
<Defs>
  <ThingDef ParentName="OrganicProductBase">
    <defName>CocoMilk</defName>
    <label>coconut milk</label>
    <description>Coconut meat that has been processed to create a thick, mildly sweet, plant-based "milk" that can be substituted for real milk.</description>
    <graphicData>
      <texPath>Things/Item/Resource/Milk</texPath>
    </graphicData>
    <socialPropernessMatters>true</socialPropernessMatters>
    <statBases>
      <MarketValue>3.5</MarketValue>
      <Mass>0.045</Mass>
      <MaxHitPoints>60</MaxHitPoints>
      <Flammability>0.2</Flammability>
      <Nutrition>0.05</Nutrition>
      <FoodPoisonChanceFixedHuman>0</FoodPoisonChanceFixedHuman>
    </statBases>
    <comps>
      <li Class="CompProperties_Rottable">
        <daysToRotStart>15</daysToRotStart>
        <rotDestroys>true</rotDestroys>
      </li>
    </comps>
    <ingestible>
      <preferability>RawTasty</preferability>
      <foodType>VegetableOrFruit, Plant, VegetarianRoughAnimal, VegetarianAnimal, AnimalProduct, Fluid</foodType>
    </ingestible>
    <thingCategories>
      <li>AnimalProductRaw</li>
    </thingCategories>
  </ThingDef>
</Defs>
