<?xml version="1.0" encoding="utf-8" ?>
<Patch>
	<Operation Class="PatchOperationAdd">
		<xpath>/Defs/BiomeDef[defName = "AridShrubland"]/wildPlants</xpath>
		<value>
			<Tree_CoconutPalm>0.01</Tree_CoconutPalm>
		</value>
	</Operation>
	<Operation Class="PatchOperationAdd">
		<xpath>/Defs/BiomeDef[defName = "Desert"]/wildPlants</xpath>
		<value>
			<Tree_CoconutPalm>0.001</Tree_CoconutPalm>
		</value>
	</Operation>
	
	<Operation Class="PatchOperationAdd">
		<xpath>/Defs/BiomeDef[defName = "TropicalRainforest"]/wildPlants</xpath>
		<value>
			<Tree_CoconutPalm>0.05</Tree_CoconutPalm>
		</value>
	</Operation>
	
	<Operation Class="PatchOperationAdd">
		<xpath>/Defs/BiomeDef[defName = "TropicalSwamp"]/wildPlants</xpath>
		<value>
			<Tree_CoconutPalm>0.05</Tree_CoconutPalm>
		</value>
	</Operation>	
</Patch>