<?xml version="1.0" encoding="utf-8" ?>
<Patch>
<Operation Class="PatchOperationFindMod">
	<mods>
		<li>More Vanilla Biomes</li>
	</mods>
	<match Class="PatchOperationAdd">
		<xpath>/Defs/BiomeDef[defName = "ZBiome_CoastalDunes"]/wildPlants</xpath>
		<value>
			<Tree_CoconutPalm>0.13</Tree_CoconutPalm>
		</value>
	</match>
</Operation>

<Operation Class="PatchOperationFindMod">
	<mods>
		<li>More Vanilla Biomes</li>
	</mods>
	<match Class="PatchOperationAdd">
		<xpath>/Defs/BiomeDef[defName = "ZBiome_Sandbar_NoBeach"]/wildPlants</xpath>
		<value>
			<Tree_CoconutPalm>0.5</Tree_CoconutPalm>
		</value>
	</match>
</Operation>

<Operation Class="PatchOperationFindMod">
	<mods>
		<li>More Vanilla Biomes</li>
	</mods>
	<match Class="PatchOperationAdd">
		<xpath>/Defs/BiomeDef[defName = "ZBiome_DesertOasis"]/wildPlants</xpath>
		<value>
			<Tree_CoconutPalm>0.2</Tree_CoconutPalm>
		</value>
	</match>
</Operation>

</Patch>