<?xml version="1.0" encoding="utf-8" ?>
<Patch>
<Operation Class="PatchOperationFindMod">
	<mods>
		<li>SeedsPlease</li>
	</mods>
	<match Class="PatchOperationAdd">
		<xpath>Defs</xpath>
		<value>
			<SeedsPlease.SeedDef ParentName="SeedBase">
				<defName>Seed_Coconut</defName>
				<label>coconut seeds</label>
				<sources>
					<li>Tree_CoconutPalm</li>
				</sources>
				<graphicData><texPath>Things/Item/Seeds/TreePalm</texPath></graphicData>
			</SeedsPlease.SeedDef>
		</value>
	</match>
</Operation>

<Operation Class="PatchOperationFindMod">
	<mods>
		<li>SeedsPlease</li>
	</mods>
	<match Class="PatchOperationAdd">
		<xpath>Defs</xpath>
		<value>
			<RecipeDef ParentName="ExtractSeed">
				<defName>ExtractSeedCoconut</defName>
				<label>extract coconut seeds</label>
				<description>Extract seeds from coconuts.</description>
				<ingredients>
				<li>
					<filter>
					<thingDefs>
						<li>Fruit_Coconut</li>
					</thingDefs>
					</filter>
					<count>10</count>
				</li>
				</ingredients>
				<fixedIngredientFilter>
					<thingDefs>
						<li>Fruit_Coconut</li>
					</thingDefs>
				</fixedIngredientFilter>
				<products>
					<Seed_Coconut>5</Seed_Coconut>
				</products>
			</RecipeDef>
		</value>
	</match>
</Operation>
</Patch>