<?xml version="1.0" encoding="utf-8" ?>
<Defs>
 
<!--Blueberry-->

	<HediffDef>
		<defName>Bean_Blueberry</defName>
		<label>Every Flavor Bean: Blueberry Flavor</label>
		<description>Ate a blueberry flavor jelly bean! It's pretty tasty. \n\n&lt;color=#F27893&gt;Bean effect:&lt;/color&gt; Tastes good.</description>		
		<initialSeverity>1</initialSeverity>
		<defaultLabelColor>(75,75,200)</defaultLabelColor>      	
		<hediffClass>HediffWithComps</hediffClass>
		<isBad>false</isBad>
		<comps>
			<li Class="HediffCompProperties_Disappears">
				<disappearsAfterTicks>60000</disappearsAfterTicks>
				<showRemainingTime>True</showRemainingTime>
			</li>
		</comps>
		<stages>
			<li>
				<label>Common</label>
				<minSeverity>0</minSeverity>
			</li>
		</stages>
	</HediffDef>

    <ThoughtDef>
		<defName>BeanThought_Blueberry</defName>
		<workerClass>ThoughtWorker_Hediff</workerClass>
		<hediff>Bean_Blueberry</hediff>
		<stages>
		  <li>
			<label>Blueberry Jellybean</label>
			<description>Yum!</description>
			<baseMoodEffect>3</baseMoodEffect>
		  </li>
		</stages>
  </ThoughtDef>

<!--Dirt-->  

	<HediffDef>
		<defName>Bean_Dirt</defName>
		<label>Every Flavor Bean: Dirt Flavor</label>
		<description>Ate a dirt flavor jelly bean! I feel gross and dirty. \n\n&lt;color=#F27893&gt;Bean effect:&lt;/color&gt; Tastes bad and makes the pawn dirty.</description>		
		<initialSeverity>1</initialSeverity>
		<defaultLabelColor>(150,100,50)</defaultLabelColor>      	
		<hediffClass>HediffWithComps</hediffClass>
		<isBad>false</isBad>
		<comps>
			<li Class="HediffCompProperties_Disappears">
				<disappearsAfterTicks>60000</disappearsAfterTicks>
				<showRemainingTime>True</showRemainingTime>
			</li>
		</comps>
		<stages>
			<li>
				<label>Common</label>
				<minSeverity>0</minSeverity>
				<statOffsets>
					<FilthRate>1.5</FilthRate>
				</statOffsets>	
			</li>
		</stages>
	</HediffDef>

    <ThoughtDef>
		<defName>BeanThought_Dirt</defName>
		<workerClass>ThoughtWorker_Hediff</workerClass>
		<hediff>Bean_Dirt</hediff>
		<stages>
		  <li>
			<label>Dirt Jellybean</label>
			<description>Yuck!</description>
			<baseMoodEffect>-3</baseMoodEffect>
		  </li>
		</stages>
  </ThoughtDef>  
  
<!--Earwax-->  
  
	<HediffDef>
		<defName>Bean_Earwax</defName>
		<label>Every Flavor Bean: Earwax Flavor</label>
		<description>Ate an earwax flavor jelly bean! Alas. \n\n&lt;color=#F27893&gt;Bean effect:&lt;/color&gt; Causes deafness.</description>		
		<initialSeverity>1</initialSeverity>
		<defaultLabelColor>(200,190,0)</defaultLabelColor>      	
		<hediffClass>HediffWithComps</hediffClass>
		<isBad>false</isBad>
		<comps>
			<li Class="HediffCompProperties_Disappears">
				<disappearsAfterTicks>45000</disappearsAfterTicks>
				<showRemainingTime>True</showRemainingTime>
			</li>
		</comps>
		<stages>
			<li>
				<label>Common</label>
				<minSeverity>0</minSeverity>
				<capMods>
				  <li>
					<capacity>Hearing</capacity>
					<setMax>0</setMax>
				  </li>
				</capMods>
			</li>
		</stages>
	</HediffDef>  
  
    <ThoughtDef>
		<defName>BeanThought_Earwax</defName>
		<workerClass>ThoughtWorker_Hediff</workerClass>
		<hediff>Bean_Earwax</hediff>
		<stages>
		  <li>
			<label>Earwax Jellybean</label>
			<description>Alas, earwax.</description>
			<baseMoodEffect>-5</baseMoodEffect>
		  </li>
		</stages>	
  </ThoughtDef>    
  
<!--Soap-->

	<HediffDef>
		<defName>Bean_Soap</defName>
		<label>Every Flavor Bean: Soap Flavor</label>
		<description>Ate a soap flavor jelly bean! Disgustingly clean. \n\n&lt;color=#F27893&gt;Bean effect:&lt;/color&gt; Tastes bad, but also prevents the pawn from producing filth for the duration.</description>		
		<initialSeverity>1</initialSeverity>
		<defaultLabelColor>(236,228,208)</defaultLabelColor>      	
		<hediffClass>HediffWithComps</hediffClass>
		<isBad>false</isBad>
		<comps>
			<li Class="HediffCompProperties_Disappears">
				<disappearsAfterTicks>120000</disappearsAfterTicks>
				<showRemainingTime>True</showRemainingTime>
			</li>
		</comps>
		<stages>
			  <li>
				<label>Common</label>
				<minSeverity>0</minSeverity>
				<statOffsets>
					<HygieneRateMultiplier>-1</HygieneRateMultiplier>
				</statOffsets>		
			  </li>
		</stages>
	</HediffDef>

    <ThoughtDef>
		<defName>BeanThought_Soap</defName>
		<workerClass>ThoughtWorker_Hediff</workerClass>
		<hediff>Bean_Soap</hediff>
		<stages>
		  <li>
			<label>Soap Jellybean</label>
			<description>Ugh, disgusting! But at least I feel clean...</description>
			<baseMoodEffect>-2</baseMoodEffect>
		  </li>
		</stages>
  </ThoughtDef>
  
<!--Bogey-->  

	<HediffDef>
		<defName>Bean_Bogey</defName>
		<label>Every Flavor Bean: Bogey Flavor</label>
		<description>Ate a bogey flavor jelly bean! Bleaaargh! \n\n&lt;color=#F27893&gt;Bean effect:&lt;/color&gt; Tastes awful.</description>		
		<initialSeverity>1</initialSeverity>
		<defaultLabelColor>(115, 179, 0)</defaultLabelColor>      	
		<hediffClass>HediffWithComps</hediffClass>
		<isBad>false</isBad>
		<comps>
			<li Class="HediffCompProperties_Disappears">
				<disappearsAfterTicks>60000</disappearsAfterTicks>
				<showRemainingTime>True</showRemainingTime>
			</li>
		</comps>
		<stages>
			<li>
				<label>Common</label>
				<minSeverity>0</minSeverity>
			</li>
		</stages>
	</HediffDef>

    <ThoughtDef>
		<defName>BeanThought_Bogey</defName>
		<workerClass>ThoughtWorker_Hediff</workerClass>
		<hediff>Bean_Bogey</hediff>
		<stages>
		  <li>
			<label>Bogey Jellybean</label>
			<description>Absolutely vile!</description>
			<baseMoodEffect>-15</baseMoodEffect>
		  </li>
		</stages>
  </ThoughtDef>    
  
<!--Tutti-frutti-->  

	<HediffDef>
		<defName>Bean_TuttiFrutti</defName>
		<label>Every Flavor Bean: Tutti-frutti Flavor</label>
		<description>Ate a tutti-frutti flavor jelly bean! Delightful! \n\n&lt;color=#F27893&gt;Bean effect:&lt;/color&gt; Tastes delicious.</description>		
		<initialSeverity>1</initialSeverity>
		<defaultLabelColor>(255, 160, 160)</defaultLabelColor>      	
		<hediffClass>HediffWithComps</hediffClass>
		<isBad>false</isBad>
		<comps>
			<li Class="HediffCompProperties_Disappears">
				<disappearsAfterTicks>60000</disappearsAfterTicks>
				<showRemainingTime>True</showRemainingTime>
			</li>
		</comps>
		<stages>
			<li>
				<label>Common</label>
				<minSeverity>0</minSeverity>
			</li>
		</stages>
	</HediffDef>

    <ThoughtDef>
		<defName>BeanThought_TuttiFrutti</defName>
		<workerClass>ThoughtWorker_Hediff</workerClass>
		<hediff>Bean_TuttiFrutti</hediff>
		<stages>
		  <li>
			<label>Tutti-frutti Jellybean</label>
			<description>Now that's a jellybean!</description>
			<baseMoodEffect>15</baseMoodEffect>
		  </li>
		</stages>
  </ThoughtDef>      
  
<!--Sausage-->  

	<HediffDef>
		<defName>Bean_Sausage</defName>
		<label>Every Flavor Bean: Sausage Flavor</label>
		<description>Ate a sausage flavor jelly bean! A strange flavor, but rather filling. \n\n&lt;color=#F27893&gt;Bean effect:&lt;/color&gt; Reduces nutrition need for the duration.</description>		
		<initialSeverity>1</initialSeverity>
		<defaultLabelColor>(195,138,138)</defaultLabelColor>      	
		<hediffClass>HediffWithComps</hediffClass>
		<isBad>false</isBad>
		<comps>
			<li Class="HediffCompProperties_Disappears">
				<disappearsAfterTicks>45000</disappearsAfterTicks>
				<showRemainingTime>True</showRemainingTime>
			</li>
		</comps>
		<stages>
			<li>
				<label>Common</label>
				<minSeverity>0</minSeverity>
				<hungerRateFactor>0.5</hungerRateFactor>
			</li>
		</stages>
	</HediffDef>  
  
<!--Marshmallow-->  

	<HediffDef>
		<defName>Bean_Marshmallow</defName>
		<label>Every Flavor Bean: Marshmallow Flavor</label>
		<description>Ate a marshmallow flavor jelly bean! Ah, those sweet sweet empty calories. \n\n&lt;color=#F27893&gt;Bean effect:&lt;/color&gt; Tastes good, but increases nutrition need for the duration.</description>		
		<initialSeverity>1</initialSeverity>
		<defaultLabelColor>(220,220,180)</defaultLabelColor>      	
		<hediffClass>HediffWithComps</hediffClass>
		<isBad>false</isBad>
		<comps>
			<li Class="HediffCompProperties_Disappears">
				<disappearsAfterTicks>45000</disappearsAfterTicks>
				<showRemainingTime>True</showRemainingTime>
			</li>
		</comps>
		<stages>
			<li>
				<label>Common</label>
				<minSeverity>0</minSeverity>					
				<hungerRateFactor>1.5</hungerRateFactor>
			</li>
		</stages>
	</HediffDef>    
  
    <ThoughtDef>
		<defName>BeanThought_Marshmallow</defName>
		<workerClass>ThoughtWorker_Hediff</workerClass>
		<hediff>Bean_Marshmallow</hediff>
		<stages>
		  <li>
			<label>Marshmallow Jellybean</label>
			<description>Now that's a jellybean!</description>
			<baseMoodEffect>5</baseMoodEffect>
		  </li>
		</stages>
  </ThoughtDef>        
  
<!--Egg Nog-->

	<HediffDef>
		<defName>Bean_EggNog_Utility</defName>
		<hediffClass>HediffWithComps</hediffClass>
		<description>you shouldn't be seeing this.</description>
		<label>NogUtility</label>
		<stages>
			<li>
				<label>minor</label>
				<becomeVisible>false</becomeVisible>
			</li>
		</stages>
		<comps>
			<li Class="MoharHediffs.HediffCompProperties_MultipleHediff">
				<hediffAndBodypart>
					<li>
						<hediff>Bean_EggNog</hediff>
					</li>
					<li>
						<hediff>HediffEggNog</hediff>
					</li>
				</hediffAndBodypart>
				<debug>true</debug>
			</li>
		</comps>
	</HediffDef>

	<HediffDef>
		<defName>Bean_EggNog</defName>
		<label>Every Flavor Bean: Egg Nog Flavor</label>
		<description>Ate a egg nog flavor jelly bean! It's like Christmas came early! \n\n&lt;color=#F27893&gt;Bean effect:&lt;/color&gt; Gives the effect of Egg Nog.</description>		
		<initialSeverity>1</initialSeverity>
		<defaultLabelColor>(231,231,231)</defaultLabelColor>      	
		<hediffClass>HediffWithComps</hediffClass>
		<isBad>false</isBad>
		<comps>
			<li Class="HediffCompProperties_Disappears">
				<disappearsAfterTicks>20000</disappearsAfterTicks>
				<showRemainingTime>True</showRemainingTime>
			</li>
		</comps>
		<stages>
			<li>
				<label>common</label>
				<minSeverity>0</minSeverity>
			</li>
		</stages>
	</HediffDef>   
	
<!--Vinegar-->  

	<HediffDef>
		<defName>Bean_Vinegar</defName>
		<label>Every Flavor Bean: Vinegar Flavor</label>
		<description>Ate a vinegar flavor jelly bean! Gross. \n\n&lt;color=#F27893&gt;Bean effect:&lt;/color&gt; Tastes bad.</description>		
		<initialSeverity>1</initialSeverity>
		<defaultLabelColor>(245,245,230)</defaultLabelColor>      	
		<hediffClass>HediffWithComps</hediffClass>
		<isBad>false</isBad>
		<comps>
			<li Class="HediffCompProperties_Disappears">
				<disappearsAfterTicks>60000</disappearsAfterTicks>
				<showRemainingTime>True</showRemainingTime>
			</li>
		</comps>
		<stages>
			<li>
				<label>Common</label>
				<minSeverity>0</minSeverity>
			</li>
		</stages>
	</HediffDef>

    <ThoughtDef>
		<defName>BeanThought_Vinegar</defName>
		<workerClass>ThoughtWorker_Hediff</workerClass>
		<hediff>Bean_Vinegar</hediff>
		<stages>
		  <li>
			<label>Vinegar Jellybean</label>
			<description>Yuck!</description>
			<baseMoodEffect>-5</baseMoodEffect>
		  </li>
		</stages>
  </ThoughtDef>    
  
  
  
  
  
  
  
  
  
  
  
  
  
  
  
  
</Defs>