﻿<?xml version="1.0" encoding="utf-8"?>
<LanguageData>

  <!-- 溶鉱炉で溶かす設定 -->

  <MM_RefiningNamaritake.label>Refining Namaritake</MM_RefiningNamaritake.label>
  <MM_RefiningNamaritake.description>Refining Namari mushrooms to take out usable iron.</MM_RefiningNamaritake.description>
  <MM_RefiningNamaritake.jobString>Refining Namari mushrooms to take out usable iron.</MM_RefiningNamaritake.jobString>

  <MM_RefiningNamaritake_More5.label>Refining Namaritake_More</MM_RefiningNamaritake_More5.label>
  <MM_RefiningNamaritake_More5.description>Refining Namari mushrooms to take out usable iron.</MM_RefiningNamaritake_More5.description>
  <MM_RefiningNamaritake_More5.jobString>Refining Namari mushrooms to take out usable iron.</MM_RefiningNamaritake_More5.jobString>


  <!-- 工作台で打ち直す設定 -->

  <MM_FueledSmithyNamaritake.label>Re-forge Namaritake</MM_FueledSmithyNamaritake.label>
  <MM_FueledSmithyNamaritake.description>Re-forge Namaritake at high temperature to make usable iron. It is less efficient than refining a blast furnace.</MM_FueledSmithyNamaritake.description>
  <MM_FueledSmithyNamaritake.jobString>Re-forge Namaritake. </MM_FueledSmithyNamaritake.jobString>

  <MM_FueledSmithyNamaritake_More5.label>Re-forge Namaritake_More</MM_FueledSmithyNamaritake_More5.label>
  <MM_FueledSmithyNamaritake_More5.description>Re-forge Namaritake at high temperature to make usable iron. It is less efficient than refining a blast furnace.</MM_FueledSmithyNamaritake_More5.description>
  <MM_FueledSmithyNamaritake_More5.jobString>Re-forge Namaritake. </MM_FueledSmithyNamaritake_More5.jobString>


</LanguageData>