﻿<?xml version="1.0" encoding="utf-8"?>
<LanguageData>

  <MMTank_Drumcan.label>Drum can</MMTank_Drumcan.label>
  <MMTank_Drumcan.labelPlural>Drum cans</MMTank_Drumcan.labelPlural>
  <MMTank_Drumcan.labelMale>male Drum can</MMTank_Drumcan.labelMale>
  <MMTank_Drumcan.labelMalePlural>male Drum cans</MMTank_Drumcan.labelMalePlural>
  <MMTank_Drumcan.labelFemale>female Drum can</MMTank_Drumcan.labelFemale>
  <MMTank_Drumcan.labelFemalePlural>female Drum cans</MMTank_Drumcan.labelFemalePlural>
  <MMTank_Drumcan.lifeStages.0.label>Drum can</MMTank_Drumcan.lifeStages.0.label>
  <MMTank_Drumcan.lifeStages.0.labelPlural>Drum can</MMTank_Drumcan.lifeStages.0.labelPlural>
  <MMTank_Drumcan.lifeStages.0.labelMale>male Drum can</MMTank_Drumcan.lifeStages.0.labelMale>
  <MMTank_Drumcan.lifeStages.0.labelMalePlural>male Drum cans</MMTank_Drumcan.lifeStages.0.labelMalePlural>
  <MMTank_Drumcan.lifeStages.0.labelFemale>female Drum can</MMTank_Drumcan.lifeStages.0.labelFemale>
  <MMTank_Drumcan.lifeStages.0.labelFemalePlural>female Drum cans</MMTank_Drumcan.lifeStages.0.labelFemalePlural>
  <MMTank_Drumcan.lifeStages.1.label>Drum can</MMTank_Drumcan.lifeStages.1.label>
  <MMTank_Drumcan.lifeStages.1.labelPlural>Drum can</MMTank_Drumcan.lifeStages.1.labelPlural>
  <MMTank_Drumcan.lifeStages.1.labelMale>male Drum can</MMTank_Drumcan.lifeStages.1.labelMale>
  <MMTank_Drumcan.lifeStages.1.labelMalePlural>male Drum cans</MMTank_Drumcan.lifeStages.1.labelMalePlural>
  <MMTank_Drumcan.lifeStages.1.labelFemale>female Drum can</MMTank_Drumcan.lifeStages.1.labelFemale>
  <MMTank_Drumcan.lifeStages.1.labelFemalePlural>female Drum cans</MMTank_Drumcan.lifeStages.1.labelFemalePlural>


</LanguageData>