﻿<?xml version="1.0" encoding="utf-8"?>
<LanguageData>

  <MMTank_Buggy.label>バギー</MMTank_Buggy.label>
  <MMTank_Buggy.labelPlural>バギーs</MMTank_Buggy.labelPlural>
  <MMTank_Buggy.labelMale>male バギー</MMTank_Buggy.labelMale>
  <MMTank_Buggy.labelMalePlural>male バギーs</MMTank_Buggy.labelMalePlural>
  <MMTank_Buggy.labelFemale>female バギー</MMTank_Buggy.labelFemale>
  <MMTank_Buggy.labelFemalePlural>female バギーs</MMTank_Buggy.labelFemalePlural>
  <MMTank_Buggy.lifeStages.0.label>バギー</MMTank_Buggy.lifeStages.0.label>
  <MMTank_Buggy.lifeStages.0.labelPlural>バギー</MMTank_Buggy.lifeStages.0.labelPlural>
  <MMTank_Buggy.lifeStages.0.labelMale>male バギー</MMTank_Buggy.lifeStages.0.labelMale>
  <MMTank_Buggy.lifeStages.0.labelMalePlural>male バギーs</MMTank_Buggy.lifeStages.0.labelMalePlural>
  <MMTank_Buggy.lifeStages.0.labelFemale>female バギー</MMTank_Buggy.lifeStages.0.labelFemale>
  <MMTank_Buggy.lifeStages.0.labelFemalePlural>female バギーs</MMTank_Buggy.lifeStages.0.labelFemalePlural>
  <MMTank_Buggy.lifeStages.1.label>バギー</MMTank_Buggy.lifeStages.1.label>
  <MMTank_Buggy.lifeStages.1.labelPlural>バギー</MMTank_Buggy.lifeStages.1.labelPlural>
  <MMTank_Buggy.lifeStages.1.labelMale>male バギー</MMTank_Buggy.lifeStages.1.labelMale>
  <MMTank_Buggy.lifeStages.1.labelMalePlural>male バギーs</MMTank_Buggy.lifeStages.1.labelMalePlural>
  <MMTank_Buggy.lifeStages.1.labelFemale>female バギー</MMTank_Buggy.lifeStages.1.labelFemale>
  <MMTank_Buggy.lifeStages.1.labelFemalePlural>female バギーs</MMTank_Buggy.lifeStages.1.labelFemalePlural>


</LanguageData>