﻿<?xml version="1.0" encoding="utf-8"?>
<LanguageData>

  <MMTank_SUNAMAMIREN.label>Desert mole</MMTank_SUNAMAMIREN.label>
  <MMTank_SUNAMAMIREN.labelPlural>Desert moles</MMTank_SUNAMAMIREN.labelPlural>
  <MMTank_SUNAMAMIREN.labelMale>male Desert mole</MMTank_SUNAMAMIREN.labelMale>
  <MMTank_SUNAMAMIREN.labelMalePlural>male Desert moles</MMTank_SUNAMAMIREN.labelMalePlural>
  <MMTank_SUNAMAMIREN.labelFemale>female Desert mole</MMTank_SUNAMAMIREN.labelFemale>
  <MMTank_SUNAMAMIREN.labelFemalePlural>female Desert moles</MMTank_SUNAMAMIREN.labelFemalePlural>
  <MMTank_SUNAMAMIREN.lifeStages.0.label>Desert mole</MMTank_SUNAMAMIREN.lifeStages.0.label>
  <MMTank_SUNAMAMIREN.lifeStages.0.labelPlural>Desert mole</MMTank_SUNAMAMIREN.lifeStages.0.labelPlural>
  <MMTank_SUNAMAMIREN.lifeStages.0.labelMale>male Desert mole</MMTank_SUNAMAMIREN.lifeStages.0.labelMale>
  <MMTank_SUNAMAMIREN.lifeStages.0.labelMalePlural>male Desert moles</MMTank_SUNAMAMIREN.lifeStages.0.labelMalePlural>
  <MMTank_SUNAMAMIREN.lifeStages.0.labelFemale>female Desert mole</MMTank_SUNAMAMIREN.lifeStages.0.labelFemale>
  <MMTank_SUNAMAMIREN.lifeStages.0.labelFemalePlural>female Desert moles</MMTank_SUNAMAMIREN.lifeStages.0.labelFemalePlural>
  <MMTank_SUNAMAMIREN.lifeStages.1.label>Desert mole</MMTank_SUNAMAMIREN.lifeStages.1.label>
  <MMTank_SUNAMAMIREN.lifeStages.1.labelPlural>Desert mole</MMTank_SUNAMAMIREN.lifeStages.1.labelPlural>
  <MMTank_SUNAMAMIREN.lifeStages.1.labelMale>male Desert mole</MMTank_SUNAMAMIREN.lifeStages.1.labelMale>
  <MMTank_SUNAMAMIREN.lifeStages.1.labelMalePlural>male Desert moles</MMTank_SUNAMAMIREN.lifeStages.1.labelMalePlural>
  <MMTank_SUNAMAMIREN.lifeStages.1.labelFemale>female Desert mole</MMTank_SUNAMAMIREN.lifeStages.1.labelFemale>
  <MMTank_SUNAMAMIREN.lifeStages.1.labelFemalePlural>female Desert moles</MMTank_SUNAMAMIREN.lifeStages.1.labelFemalePlural>


</LanguageData>