﻿<?xml version="1.0" encoding="utf-8"?>
<LanguageData>

  <MMTank_R-wolf.label>Red wolf</MMTank_R-wolf.label>
  <MMTank_R-wolf.labelPlural>Red wolfs</MMTank_R-wolf.labelPlural>
  <MMTank_R-wolf.labelMale>male Red wolf</MMTank_R-wolf.labelMale>
  <MMTank_R-wolf.labelMalePlural>male Red wolfs</MMTank_R-wolf.labelMalePlural>
  <MMTank_R-wolf.labelFemale>female Red wolf</MMTank_R-wolf.labelFemale>
  <MMTank_R-wolf.labelFemalePlural>female Red wolfs</MMTank_R-wolf.labelFemalePlural>
  <MMTank_R-wolf.lifeStages.0.label>Red wolf</MMTank_R-wolf.lifeStages.0.label>
  <MMTank_R-wolf.lifeStages.0.labelPlural>Red wolf</MMTank_R-wolf.lifeStages.0.labelPlural>
  <MMTank_R-wolf.lifeStages.0.labelMale>male Red wolf</MMTank_R-wolf.lifeStages.0.labelMale>
  <MMTank_R-wolf.lifeStages.0.labelMalePlural>male Red wolfs</MMTank_R-wolf.lifeStages.0.labelMalePlural>
  <MMTank_R-wolf.lifeStages.0.labelFemale>female Red wolf</MMTank_R-wolf.lifeStages.0.labelFemale>
  <MMTank_R-wolf.lifeStages.0.labelFemalePlural>female Red wolfs</MMTank_R-wolf.lifeStages.0.labelFemalePlural>
  <MMTank_R-wolf.lifeStages.1.label>Red wolf</MMTank_R-wolf.lifeStages.1.label>
  <MMTank_R-wolf.lifeStages.1.labelPlural>Red wolf</MMTank_R-wolf.lifeStages.1.labelPlural>
  <MMTank_R-wolf.lifeStages.1.labelMale>male Red wolf</MMTank_R-wolf.lifeStages.1.labelMale>
  <MMTank_R-wolf.lifeStages.1.labelMalePlural>male Red wolfs</MMTank_R-wolf.lifeStages.1.labelMalePlural>
  <MMTank_R-wolf.lifeStages.1.labelFemale>female Red wolf</MMTank_R-wolf.lifeStages.1.labelFemale>
  <MMTank_R-wolf.lifeStages.1.labelFemalePlural>female Red wolfs</MMTank_R-wolf.lifeStages.1.labelFemalePlural>


</LanguageData>