﻿<?xml version="1.0" encoding="utf-8"?>
<LanguageData>

  <MMTank_NOBASU.label>Wild bus</MMTank_NOBASU.label>
  <MMTank_NOBASU.labelPlural>Wild buss</MMTank_NOBASU.labelPlural>
  <MMTank_NOBASU.labelMale>male Wild bus</MMTank_NOBASU.labelMale>
  <MMTank_NOBASU.labelMalePlural>male Wild buss</MMTank_NOBASU.labelMalePlural>
  <MMTank_NOBASU.labelFemale>female Wild bus</MMTank_NOBASU.labelFemale>
  <MMTank_NOBASU.labelFemalePlural>female Wild buss</MMTank_NOBASU.labelFemalePlural>
  <MMTank_NOBASU.lifeStages.0.label>Wild bus</MMTank_NOBASU.lifeStages.0.label>
  <MMTank_NOBASU.lifeStages.0.labelPlural>Wild bus</MMTank_NOBASU.lifeStages.0.labelPlural>
  <MMTank_NOBASU.lifeStages.0.labelMale>male Wild bus</MMTank_NOBASU.lifeStages.0.labelMale>
  <MMTank_NOBASU.lifeStages.0.labelMalePlural>male Wild buss</MMTank_NOBASU.lifeStages.0.labelMalePlural>
  <MMTank_NOBASU.lifeStages.0.labelFemale>female Wild bus</MMTank_NOBASU.lifeStages.0.labelFemale>
  <MMTank_NOBASU.lifeStages.0.labelFemalePlural>female Wild buss</MMTank_NOBASU.lifeStages.0.labelFemalePlural>
  <MMTank_NOBASU.lifeStages.1.label>Wild bus</MMTank_NOBASU.lifeStages.1.label>
  <MMTank_NOBASU.lifeStages.1.labelPlural>Wild bus</MMTank_NOBASU.lifeStages.1.labelPlural>
  <MMTank_NOBASU.lifeStages.1.labelMale>male Wild bus</MMTank_NOBASU.lifeStages.1.labelMale>
  <MMTank_NOBASU.lifeStages.1.labelMalePlural>male Wild buss</MMTank_NOBASU.lifeStages.1.labelMalePlural>
  <MMTank_NOBASU.lifeStages.1.labelFemale>female Wild bus</MMTank_NOBASU.lifeStages.1.labelFemale>
  <MMTank_NOBASU.lifeStages.1.labelFemalePlural>female Wild buss</MMTank_NOBASU.lifeStages.1.labelFemalePlural>


</LanguageData>