﻿<?xml version="1.0" encoding="utf-8"?>
<LanguageData>

  <MMTank_Mosquito.label>Mosquito</MMTank_Mosquito.label>
  <MMTank_Mosquito.labelPlural>Mosquitos</MMTank_Mosquito.labelPlural>
  <MMTank_Mosquito.labelMale>male Mosquito</MMTank_Mosquito.labelMale>
  <MMTank_Mosquito.labelMalePlural>male Mosquitos</MMTank_Mosquito.labelMalePlural>
  <MMTank_Mosquito.labelFemale>female Mosquito</MMTank_Mosquito.labelFemale>
  <MMTank_Mosquito.labelFemalePlural>female Mosquitos</MMTank_Mosquito.labelFemalePlural>
  <MMTank_Mosquito.lifeStages.0.label>Mosquito</MMTank_Mosquito.lifeStages.0.label>
  <MMTank_Mosquito.lifeStages.0.labelPlural>Mosquito</MMTank_Mosquito.lifeStages.0.labelPlural>
  <MMTank_Mosquito.lifeStages.0.labelMale>male Mosquito</MMTank_Mosquito.lifeStages.0.labelMale>
  <MMTank_Mosquito.lifeStages.0.labelMalePlural>male Mosquitos</MMTank_Mosquito.lifeStages.0.labelMalePlural>
  <MMTank_Mosquito.lifeStages.0.labelFemale>female Mosquito</MMTank_Mosquito.lifeStages.0.labelFemale>
  <MMTank_Mosquito.lifeStages.0.labelFemalePlural>female Mosquitos</MMTank_Mosquito.lifeStages.0.labelFemalePlural>
  <MMTank_Mosquito.lifeStages.1.label>Mosquito</MMTank_Mosquito.lifeStages.1.label>
  <MMTank_Mosquito.lifeStages.1.labelPlural>Mosquito</MMTank_Mosquito.lifeStages.1.labelPlural>
  <MMTank_Mosquito.lifeStages.1.labelMale>male Mosquito</MMTank_Mosquito.lifeStages.1.labelMale>
  <MMTank_Mosquito.lifeStages.1.labelMalePlural>male Mosquitos</MMTank_Mosquito.lifeStages.1.labelMalePlural>
  <MMTank_Mosquito.lifeStages.1.labelFemale>female Mosquito</MMTank_Mosquito.lifeStages.1.labelFemale>
  <MMTank_Mosquito.lifeStages.1.labelFemalePlural>female Mosquitos</MMTank_Mosquito.lifeStages.1.labelFemalePlural>


</LanguageData>