<?xml version="1.0" encoding="utf-8" ?>
<Defs>

  <StatDef>
    <defName>PotionSynthesisSpeed</defName>
    <label>potion synthesis speed</label>
    <description>How fast this character synthesizes potions and poisons.</description>
    <category>PawnWork</category>
    <defaultBaseValue>1</defaultBaseValue>
    <minValue>0.1</minValue>
    <toStringStyle>PercentZero</toStringStyle>
    <supressDisabledError>true</supressDisabledError>
    <statFactors>
      <li>WorkSpeedGlobal</li>
    </statFactors>
    <skillNeedFactors>
      <li Class="SkillNeed_BaseBonus">
        <skill>Alchemy</skill>
        <baseValue>0.3</baseValue>
        <bonusPerLevel>0.0925</bonusPerLevel>
      </li>
    </skillNeedFactors>
    <capacityFactors>
      <li>
        <capacity>Sight</capacity>
        <weight>0.6</weight>
        <max>1</max>
      </li>
      <li>
        <capacity>Manipulation</capacity>
        <weight>1</weight>
      </li>
    </capacityFactors>
    <displayPriorityInCategory>4521</displayPriorityInCategory>
  </StatDef>

</Defs>