<?xml version="1.0" encoding="utf-8" ?>
<Defs>


  <StatDef>
    <defName>LickDamageMultiplier</defName>
    <label>lick damage</label>
    <description>A multiplier on damage from lick attacks for weapons made of this material.</description>
    <category>StuffStatFactors</category>
    <defaultBaseValue>1</defaultBaseValue>
    <minValue>0.05</minValue>
    <toStringStyle>PercentZero</toStringStyle>
    <showIfUndefined>false</showIfUndefined>
    <displayPriorityInCategory>4506</displayPriorityInCategory>
  </StatDef>
  <DamageArmorCategoryDef>
    <defName>Lick</defName>
    <multStat>LickDamageMultiplier</multStat>
    <armorRatingStat>ArmorRating_Lick</armorRatingStat>
  </DamageArmorCategoryDef>

  <StatDef ParentName="ArmorRatingBase">
    <defName>ArmorRating_Lick</defName>
    <label>Armor - Lick</label>
    <labelForFullStatList>Armor - Lick (armor stat)</labelForFullStatList>
    <description>The protection given against lick damage.

Upon taking damage, first this armor rating is reduced by the attack's armor penetration value.

The remaining armor rating is then compared against a random number from 0 to 100.

    - If the random number is under half the armor rating, the damage deflects harmlessly.
    - If the random number is over half the armor rating, but not higher than the armor rating, the damage is reduced by half and changed to blunt.
    - If the random number is greater than the armor rating, the armor has no effect.

For example, at 90% armor rating against an attack with 10% armor penetration, there is a 40% chance of deflecting the attack harmlessly, and a 40% chance of mitigating the damage.

Each layer of armor is applied separately, from the outside in.</description>
    <displayPriorityInCategory>99</displayPriorityInCategory>
    <parts>
      <li Class="StatPart_Stuff">
        <priority>100</priority>
        <stuffPowerStat>StuffPower_Armor_Lick</stuffPowerStat>
        <multiplierStat>StuffEffectMultiplierArmor</multiplierStat>
      </li>
    </parts>
  </StatDef>
  
  <StatDef>
    <defName>StuffPower_Armor_Lick</defName>
    <label>Armor - Lick</label>
    <labelForFullStatList>Armor - Lick (material factor)</labelForFullStatList>
    <description>Armor against lick damage.</description>
    <category>StuffStatFactors</category>
    <defaultBaseValue>0</defaultBaseValue>
    <minValue>0</minValue>
    <toStringStyle>PercentZero</toStringStyle>
    <showIfUndefined>false</showIfUndefined>
    <displayPriorityInCategory>4509</displayPriorityInCategory>
  </StatDef>
  
</Defs>
